TimeStamp,GUID,CMDR,From,FromX,FromY,FromZ,,To,ToX,ToY,ToZ,,
43020.97957,f648459e-af9c-11e7-83e7-901b0e4504a9,LCU No Fool Like One,Aries Dark Region PY-Q b5-2,-58.53125,-114.875,-237.15625,,Pleiades Sector MX-U d2-54,-53.34375,-122.53125,-260.28125,,
43022.06787,e2f78ac0-b077-11e7-8ecd-901b0e4504a9,LCU No Fool Like One,HIP 16813,-57.03125,-143.375,-268.28125,,Pleiades Sector HR-W d1-21,-69.0625,-147.125,-267.84375,,
43022.12679,be8e7161-b083-11e7-a551-fcaa142b150f,Louis Calvert,Hyades Sector EB-W b2-2,-12.90625,-61.46875,-210.125,,Hyades Sector ZZ-Y c11,-0.84375,-56.09375,-227.625,,
43026.80147,1d87d300-b430-11e7-83a1-74d02b2b0db1,Mark P Dorling,Hyades Sector AB-W b2-2,-91.65625,-62.53125,-224.5,,Hyades Sector AB-W b2-1,-98.25,-63.65625,-210.53125,,
43027.35739,f51281c0-b49f-11e7-ad2e-3065ecb8e149,Humannoyed,Aries Dark Region TY-R b4-0,-61.59375,-194.75,-251.8125,,Aries Dark Region AL-O b6-0,-66.84375,-199.28125,-212.75,,
43027.95489,246dd5f0-b518-11e7-bd41-74d02b2b0db1,Mark P Dorling,Hyades Sector UI-B b3,16.375,-55.4375,-275.25,,Hyades Sector TI-B b3,9.53125,-62.03125,-282.125,,
43028.92244,c7a05140-b5da-11e7-9f9a-bcaec57c782a,StonedThoughts,Pleiades Sector IR-W d1-60,-41.96875,-172.15625,-275.90625,,Pleiades Sector ZP-O b6-0,-42.0625,-164.71875,-300.4375,,
43029.93745,f997f000-b6a6-11e7-8516-6245b4f13c62,Dicaetra,Pleiades Sector ZE-Z b0,-84.75,-164.4375,-421.875,,Pleiades Sector GW-W c1-7,-78.25,-149.90625,-376.96875,,
43031.01943,a3de4800-b780-11e7-9d88-000272a0d86b,Jericho Fever,Pleiades Sector IR-W d1-76,-40.8125,-124.5625,-325.375,,Pleiades Sector NI-S b4-1,-65.46875,-131.8125,-333.75,,
26/10/2017 03:29:53,8c06a021-b9f5-11e7-a51a-448a5ba2de96,Tatsuo Shimabuku,Pleiades Sector ZF-O b6-0,-122.3125,-199.28125,-304.625,,Pleiades Sector XU-P b5-0,-120.8125,-217.375,-310.125,,
30/10/2017 15:35:00,e21ac7cf-bd87-11e7-8399-0862667f5add,MarcoPolo,Arietis Sector ZO-A b4,-48.125,-95.03125,-205.09375,,Aries Dark Region PY-Q b5-2,-58.53125,-114.875,-237.15625,,
31/10/2017 02:06:11,Manual Entry ,LCU No Fool Like One,HIP 20486,59.78125,-177.34375,-300.21875,,Synuefe UP-V b35-3,55.31250,-171.46875,-302.40625,,
31/10/2017 17:57:11,eab4210f-be64-11e7-992f-fcaa14ab1a9a,Codger,Pleiades Sector DL-Y d59,-85.5625,-140.625,-360.71875,,Pleiades Sector EB-X c1-14,-81.4375,-142.1875,-353.90625,,
01/11/2017 18:43:22,87fd79ae-bf34-11e7-a483-fcaa14ab1a9a,Codger,Aries Dark Region WA-N b7-1,-146.6875,-158.5625,-188.5,,Aries Dark Region LN-T c3-9,-166.21875,-162.625,-211.3125,,
02/11/2017 19:55:13,ae42d8cf-c007-11e7-afdd-74d02b33e6b2,Anadon,Pleiades Sector IH-V c2-7,-78.46875,-144.9375,-324.9375,,Merope,-78.59375,-149.625,-340.53125,,
05/11/2017 18:56:23,04601e30-c25b-11e7-9e73-000272a0d86b,Jericho Fever,Hyades Sector GG-X b1-1,-10.78125,-108.4375,-237.59375,,Hyades Sector JR-V b2-0,-3.125,-103.875,-219.03125,,
05/11/2017 22:29:10,ae5639c0-c278-11e7-81e2-74d02b33e6b2,Anadon,Pleiades Sector IR-W c1-5,-86.4375,-214.46875,-362,,HIP 17000,-84.65625,-171.75,-353.125,,
07/11/2017 22:21:22,eac183f0-c409-11e7-94d0-74d02b33e6b2,Anadon,Merope,-78.59375,-149.625,-340.53125,,Pleiades Sector VU-O b6-3,-71.78125,-141.375,-294.53125,,
09/11/2017 20:47:37,389b8180-c58f-11e7-8201-6245b4fa72ea,Arkadi Kreven,Morowari,-47.5625,-75,-173.1875,,HIP 16824,-49.21875,-89.375,-187.1875,,
09/11/2017 23:42:25,a3bd4530-c5a7-11e7-8b28-fcaa14230724,M. Volgrand,Pleiades Sector YP-O b6-1,-55.25,-147.625,-299.375,,Pleiades Sector WU-O b6-3,-53.125,-135.0625,-288,,
11/11/2017 16:34:13,272c7fb0-c6fe-11e7-9679-fcaa142b150f,Louis Calvert,HIP 17999,-64.0625,-125.5,-296.71875,,HIP 17704,-72.03125,-133.90625,-311.09375,,
14/11/2017 01:03:59,af1b1140-c8d7-11e7-8698-fcaa142b150f,Louis Calvert,Pleiades Sector SJ-Q b5-1,-102.53125,-159.6875,-321.9375,,Pleiades Sector PY-R b4-2,-121.28125,-168.59375,-334.09375,,
14/11/2017 18:43:20,aea45b5e-c96b-11e7-aabc-d43d7ed72c22,Factabulous,Pleiades Sector DL-Y d65,-83.28125,-151.40625,-347.1875,,Sterope II,-81.65625,-147.28125,-340.84375,,
15/11/2017 21:45:01,38091a70-ca4e-11e7-8e05-7085c23290d3,Maligno,HIP 17225,-86.15625,-165.59375,-356.8125,,Electra,-86.0625,-159.9375,-361.65625,,
16/11/2017 18:56:52,e770304f-caff-11e7-bcae-d43d7ed72c22,Factabulous,Aries Dark Region IH-V c2-8,-108.25,-174.15625,-230.09375,,Pleiades Sector SO-R c4-0,-92.75,-165.46875,-251.84375,,
17/11/2017 02:50:24,0b19589e-cb42-11e7-a71f-7085c23290d3,Maligno,Pleiades Sector RI-T b3-0,-81.9375,-223.84375,-360.4375,,Pleiades Sector IR-W c1-5,-86.4375,-214.46875,-362,,
17/11/2017 02:54:21,9aba4c30-cb42-11e7-9382-54a050b58dfc,BobBelcher,Electra,-86.0625,-159.9375,-361.65625,,Merope,-78.59375,-149.625,-340.53125,,
17/11/2017 06:43:55,ad89eb1e-cb62-11e7-a65d-f46d0440775f,g1t,Pleiades Sector TO-Q b5-0,-43.59375,-135.375,-309.96875,,Pleiades Sector VZ-O b6-0,-27.375,-121.53125,-294.09375,,
17/11/2017 12:24:39,4693bb00-cb92-11e7-b955-d43d7ed72c22,Factabulous,Pleiades Sector AB-N b7-1,-57.34375,-136.125,-270.59375,,Aries Dark Region GW-W d1-81,-40.75,-122.6875,-226.625,,
17/11/2017 14:54:42,3feb6d61-cba7-11e7-af32-00241d10823a,Cymoril Irsei,Pleiades Sector HR-W d1-57,-86.40625,-125.15625,-301.84375,,Pleiades Sector JS-T c3-4,-112.1875,-104.4375,-267.875,,
17/11/2017 20:56:17,bfa7dac0-cbd9-11e7-8118-000272cf1696,Redden Alt-Mer,Pleiades Sector XF-N b7-1,-77.09375,-121,-278.65625,,Aries Dark Region ND-R b5-0,-62.4375,-99.03125,-240.8125,,
18/11/2017 17:36:41,0eef140f-cc87-11e7-9cfd-60a44c5f46b1,IBastavd,HIP 16401,-68.3125,-168,-300.21875,,Pleiades Sector PI-T c3-7,-60.34375,-157.84375,-282.71875,,
19/11/2017 02:20:53,438a4b0f-ccd0-11e7-bd9a-74d02b2b0db1,Mark P Dorling,Pleiades Sector PD-S b4-2,-75.5625,-152.40625,-336.40625,,HR 1183,-72.875,-145.09375,-336.96875,,
20/11/2017 01:01:02,1c6c28ee-cd8e-11e7-b143-7085c23290d3,Maligno,Maia,-81.78125,-149.4375,-343.375,,Pleiades Sector OD-S b4-1,-93.40625,-164,-341.59375,,
20/11/2017 22:20:11,f855c98f-ce40-11e7-9ef2-f804131c7cfa,Dutch Foster,Aries Dark Region IX-S b4-3,-83.0625,-95.125,-256.78125,,Pleiades Sector KS-T c3-1,-91.28125,-104.71875,-292.96875,,
21/11/2017 00:02:02,321d03ae-ce4f-11e7-bd11-7085c23290d3,Maligno,Pleiades Sector HR-W d1-41,-83.96875,-146.15625,-334.21875,,Sterope II,-81.65625,-147.28125,-340.84375,,
21/11/2017 16:29:30,23dd72f0-ced9-11e7-a2e8-7085c23290d3,Maligno,Pleiades Sector OD-S b4-1,-93.40625,-164,-341.59375,,Maia,-81.78125,-149.4375,-343.375,,
21/11/2017 20:45:46,f10a1621-cefc-11e7-bc66-7071bc9f2f04,Moraes,Atlas,-76.71875,-147.34375,-344.4375,,Merope,-78.59375,-149.625,-340.53125,,
21/11/2017 22:08:34,81fbcb9e-cf08-11e7-a447-7085c23290d3,Maligno,Pleiades Sector OD-S b4-1,-93.40625,-164,-341.59375,,Maia,-81.78125,-149.4375,-343.375,,
22/11/2017 12:02:11,f490e3c0-cf7c-11e7-93af-d43d7ed72c22,Factabulous,Sterope II,-81.65625,-147.28125,-340.84375,,Pleiades Sector HR-W d1-41,-83.96875,-146.15625,-334.21875,,
23/11/2017 07:52:25,41447e0f-d023-11e7-b9fc-94de802489fb,bagofholding,Taygeta,-88.5,-159.6875,-366.28125,,Asterope,-80.15625,-144.09375,-333.375,,
23/11/2017 14:44:01,beadcf80-d05c-11e7-83ac-d43d7ed72c22,Factabulous,Taurus Dark Region KS-T b3-0,-118.59375,-120.53125,-455.09375,,Taurus Dark Region JS-T b3-1,-137.96875,-117.59375,-457.65625,,
24/11/2017 06:04:08,44829d8f-d0dd-11e7-804d-34e6ad828411,Heisenberg6626,Pleiades Sector HR-W d1-36,-67.65625,-150.71875,-333.3125,,HIP 17694,-72.25,-152.53125,-338.6875,,
24/11/2017 09:49:00,b18e04a1-d0fc-11e7-88a1-001a7dda7102,Svetislav,Arietis Sector FG-Y d65,-79.84375,-122.0625,-124.6875,,Arietis Sector NN-T b3-4,-102.46875,-104.8125,-141.875,,
24/11/2017 18:32:01,c4d19e70-d145-11e7-8b71-448a5ba223c0,-=REAPER=-,Maia,-81.78125,-149.4375,-343.375,,Celaeno,-81.09375,-148.3125,-337.09375,,
25/11/2017 06:55:34,a14105f0-d1ad-11e7-96b9-001fbc102084,BackSinner,HIP 17525,-73.8125,-113.6875,-277.21875,,Pleiades Sector MN-T c3-12,-70.65625,-119.75,-302.8125,,
25/11/2017 07:42:58,4084c14f-d1b4-11e7-83d3-001fbc102084,BackSinner,Celaeno,-81.09375,-148.3125,-337.09375,,Pleiades Sector IR-W d1-55,-63.59375,-147.40625,-319.09375,,
25/11/2017 08:32:23,27e52e30-d1bb-11e7-918f-001fbc102084,BackSinner,HIP 17837,-52.15625,-130.75,-279.9375,,Pleiades Sector WU-O b6-1,-59.21875,-127.5625,-304.84375,,
25/11/2017 08:38:49,0e0e1430-d1bc-11e7-a3a4-001fbc102084,BackSinner,Pleiades Sector IH-V c2-5,-78.71875,-138.03125,-321.78125,,Maia,-81.78125,-149.4375,-343.375,,
25/11/2017 20:25:19,c2acdd11-d21e-11e7-8486-fcaa142b150f,Louis Calvert,Aries Dark Region MT-Q b5-2,-159.78125,-139.0625,-239.65625,,Aries Dark Region IN-S b4-1,-158.96875,-141.03125,-254.09375,,
26/11/2017 02:11:07,0e6a0d0f-d24f-11e7-8d95-ddd8a4a99714,Dutch Foster,HIP 16813,-57.03125,-143.375,-268.28125,,Pleiades Sector VU-O b6-2,-80.25,-137.25,-298.65625,,
26/11/2017 02:13:49,7642fb40-d24f-11e7-952a-28e3474c293e,ussnumbnuts100,Pleiades Sector RO-Q b5-2,-67.03125,-136.5625,-308.09375,,HIP 17692,-74.125,-143.96875,-328.78125,,
26/11/2017 23:13:11,5f56155e-d2ff-11e7-a63b-fcaa142b150f,Louis Calvert,Synuefe PA-P a60-2,51.4375,-41.46875,-417.1875,,Synuefe ZM-Q d6-42,51.78125,-44.0625,-430.625,,
26/11/2017 23:56:46,7498fd0f-d305-11e7-a79f-88d7f6dfa5b1,LegendBarry420,Pleiades Sector GW-W c1-15,-76.9375,-153.71875,-346.625,,HR 1172,-75.1875,-152.40625,-346.59375,,
27/11/2017 04:05:41,3ab60751-d328-11e7-8115-d05099a507f1,Runcible Shaw,Hyades Sector HR-V b2-0,-43.21875,-102.9375,-223.3125,,HIP 17091,-59.625,-115.25,-243.5625,,
27/11/2017 07:14:57,aaf95a21-d342-11e7-a0d7-88d7f6dfa5b1,LegendBarry420,Pleiades Sector KC-V c2-1,-87.6875,-175.5,-342.625,,HIP 15550,-89.90625,-202.71875,-334.9375,,
28/11/2017 01:28:47,79b4cc80-d3db-11e7-872e-d05099a507f1,Runcible Shaw,Merope,-78.59375,-149.625,-340.53125,,Electra,-86.0625,-159.9375,-361.65625,,
29/11/2017 07:52:54,4bc59b11-d4da-11e7-ba00-001fbc102084,BackSinner,Aries Dark Region RE-P b6-3,-99.84375,-117.3125,-220.71875,,Aries Dark Region NY-Q b5-0,-104.5625,-119.21875,-241.03125,,
29/11/2017 19:52:24,cdf93740-d53e-11e7-82ce-d43d7ed72c22,Factabulous,Gorgonea Secunda,-155.21875,-87.6875,-253.3125,,Gorgonea Quarta,-136.15625,-75.78125,-242.40625,,
29/11/2017 20:47:04,70dbf5e1-d546-11e7-8839-7085c23290d3,Maligno,Electra,-86.0625,-159.9375,-361.65625,,Pleiades Sector QO-Q b5-2,-90.5625,-136.46875,-316.59375,,
29/11/2017 21:04:56,f12a91f0-d548-11e7-993a-08626699d0aa,Sousandenar,Hyades Sector CB-W b2-4,-59.1875,-63.5,-222.46875,,Arietis Sector YZ-W a2-4,-52.09375,-39.1875,-187.875,,
29/11/2017 21:05:51,116a7d8f-d549-11e7-9e84-d43d7ed72c22,Factabulous,Gorgonea Secunda,-155.21875,-87.6875,-253.3125,,Gorgonea Tertia,-147.28125,-87.53125,-255.625,,
29/11/2017 22:24:51,1cde9d8f-d554-11e7-bf62-c86000127bac,LCU No Fool Like One,Pleiades Sector CL-Y d26,-174.34375,-127.96875,-371.9375,,Pleiades Sector CL-Y d50,-161.28125,-134.03125,-375.28125,,
30/11/2017 16:04:14,1ad783b0-d5e8-11e7-8286-74d02b2b0db1,Mark P Dorling,Pleiades Sector DL-Y d65,-83.28125,-151.40625,-347.1875,,Electra,-86.0625,-159.9375,-361.65625,,
30/11/2017 16:45:37,e427d2b0-d5ed-11e7-bcf3-fcaa14230724,M. Volgrand,Arietis Sector CV-Y b0,-80.09375,-101.4375,-200.90625,,Aries Dark Region SE-P b6-3,-71.625,-108.875,-218.96875,,
30/11/2017 17:05:18,a3d71a5e-d5f0-11e7-b89f-fcaa14230724,M. Volgrand,HIP 17692,-74.125,-143.96875,-328.78125,,Merope,-78.59375,-149.625,-340.53125,,
30/11/2017 20:42:02,e92bfdb0-d60e-11e7-a9f1-94de80ae1ebf,DarkWolf009,Maia,-81.78125,-149.4375,-343.375,,HIP 17125,-95.875,-128.75,-316.5625,,
02/12/2017 13:17:32,27f8a430-d763-11e7-aeb5-28b2bd378a70,Louis Calvert,Pleiades Sector ZE-A d34,-113.46875,-163.6875,-431.0625,,Pleiades Sector XE-Z b0,-122.46875,-151.71875,-411.625,,
02/12/2017 17:26:29,edb3df61-d785-11e7-b8b0-2c4d54522df7,Molan Ryke,Struve's Lost Sector RE-Q b5-0,-120.53125,-199.46875,-460.1875,,Struve's Lost Sector QE-Q b5-0,-126.46875,-191.21875,-447.46875,,
02/12/2017 23:53:08,f15ab7c0-d7bb-11e7-9cf3-88d7f6dfa5b1,LegendBarry420,Arietis Sector FG-X b1-2,-54.125,-77.21875,-172.28125,,Arietis Sector BA-Z b1,-59.3125,-84.96875,-201.09375,,
03/12/2017 03:20:48,f436a861-d7d8-11e7-8ca6-88d7f6dfa5b1,LegendBarry420,Merope,-78.59375,-149.625,-340.53125,,Pleiades Sector RY-R b4-1,-82.875,-167.0625,-341.875,,
03/12/2017 07:41:51,6aa9f370-d7fd-11e7-9384-54a050b58dfc,BobBelcher,Hyades Sector QD-T c3-9,-30.0625,-164.15625,-122.53125,,HIP 10056,-45,-142.25,-103.21875,,
03/12/2017 20:31:45,faa2c85e-d868-11e7-99c2-bcaec57c782a,StonedThoughts,HIP 17125,-95.875,-128.75,-316.5625,,Pleiades Sector RO-Q b5-0,-80.46875,-140.21875,-324.15625,,
03/12/2017 23:30:57,029f1e5e-d882-11e7-bdc8-c4817dd5377d,Dutch Foster,Aries Dark Region KD-R b5-2,-112.0625,-94.375,-238.875,,Pleiades Sector AM-L b8-0,-99.40625,-125,-262.84375,,
05/12/2017 21:34:26,0fa7f7c0-da04-11e7-85a1-94de80ae1ebf,DarkWolf009,HIP 17125,-95.875,-128.75,-316.5625,,Maia,-81.78125,-149.4375,-343.375,,
07/12/2017 20:17:19,9e3acc00-db8b-11e7-9418-34e6ad828411,Heisenberg6626,Pleiades Sector TJ-Q b5-1,-75.4375,-160.1875,-317.34375,,Pleiades Sector IH-V c2-8,-75.84375,-144.875,-324.15625,,
07/12/2017 20:22:05,48cabcc0-db8c-11e7-b3bb-34e6ad828411,Heisenberg6626,Merope,-78.59375,-149.625,-340.53125,,Maia,-81.78125,-149.4375,-343.375,,
08/12/2017 16:02:10,24b61370-dc31-11e7-997c-a0a8cd63de18,EWOL,Arietis Sector UK-V a3-3,-108.09375,-28.0625,-179.5625,,Arietis Sector ZE-A d49,-101.25,-54.75,-205.71875,,
08/12/2017 21:42:42,b5fa244f-dc60-11e7-b65f-d43d7ed72c22,Factabulous,Aries Dark Region PY-Q b5-2,-58.53125,-114.875,-237.15625,,Aries Dark Region PY-Q b5-1,-56.78125,-115.5,-231.5,,
09/12/2017 03:23:56,61c4d39e-dc90-11e7-a7d6-001fbc102084,BackSinner,Pleiades Sector GW-W c1-6,-82.3125,-148,-358.375,,HIP 17403,-93.6875,-158.96875,-367.625,,
09/12/2017 11:22:44,42607f80-dcd3-11e7-8109-bcaec57c782a,StonedThoughts,Maia,-81.78125,-149.4375,-343.375,,HIP 16996,-85.625,-147.28125,-321.71875,,
09/12/2017 11:43:32,2d4d6b4f-dcd6-11e7-b2d5-d43d7ed72c22,Factabulous,Arietis Sector TD-T b3-3,-50.65625,-130.75,-130.84375,,Arietis Sector TD-T b3-1,-49.78125,-126.53125,-129.75,,
09/12/2017 15:01:34,d7c63651-dcf1-11e7-bcb6-d43d7ed72c22,Factabulous,Pleiades Sector IR-W d1-55,-63.59375,-147.40625,-319.09375,,Pleiades Sector AB-N b7-2,-60.53125,-142.03125,-270.875,,
09/12/2017 17:59:21,add6658f-dd0a-11e7-a9dd-d43d7ed72c22,Factabulous,Pleiades Sector LC-U b3-2,-39.9375,-130.15625,-347.90625,,Pleiades Sector LX-T b3-1,-79.21875,-157.03125,-361.21875,,
09/12/2017 22:41:04,db5b28cf-dd31-11e7-8d03-a05383bd7f1c,Ilectron,Asterope,-80.15625,-144.09375,-333.375,,Pleiades Sector PY-Q b5-4,-43.84375,-96.0625,-315.5625,,
10/12/2017 10:45:20,861a730f-dd97-11e7-9721-a0639187436c,Steve Arthur,Pleiades Sector QO-Q b5-2,-90.5625,-136.46875,-316.59375,,HIP 17125,-95.875,-128.75,-316.5625,,
10/12/2017 18:18:36,85d729e1-ddd6-11e7-8203-a46376aa41a9,lorrad,Pleiades Sector HR-W d1-57,-86.40625,-125.15625,-301.84375,,HIP 17125,-95.875,-128.75,-316.5625,,
10/12/2017 21:28:58,21af1a70-ddf1-11e7-9f95-bcaec57c782a,StonedThoughts,HIP 16635,-102.84375,-168.96875,-359.4375,,7 Tauri,-104.9375,-178.53125,-375.9375,,
11/12/2017 13:16:09,c291bb80-de75-11e7-be3d-a0639187436c,Steve Arthur,Pleiades Sector HR-W d1-41,-83.96875,-146.15625,-334.21875,,Pleiades Sector PD-S b4-0,-80.625,-156.6875,-337.4375,,
11/12/2017 17:11:07,17581a40-de96-11e7-8e09-f2655e058f25,Ilectron,HIP 17125,-95.875,-128.75,-316.5625,,Maia,-81.78125,-149.4375,-343.375,,
11/12/2017 22:06:58,99708f1e-debf-11e7-a81b-000272cf1696,Redden Alt-Mer,HIP 17746,-43.40625,-180.53125,-337.375,,Pleiades Sector RY-R b4-0,-76.3125,-171.3125,-335.0625,,
12/12/2017 13:31:58,d2addc80-df40-11e7-b337-7c5cf89fa9e3,Dommaarraa,Pleiades Sector FR-V b2-0,-109.75,-145.15625,-369.125,,Pleiades Sector EB-X c1-9,-104.34375,-140.59375,-378.28125,,
12/12/2017 21:42:04,496eebe1-df85-11e7-a227-000272cf1696,Redden Alt-Mer,Wolf 1311,-91.25,-141.65625,-388.0625,,Pleiades Sector AQ-X b1-1,-101.65625,-141.625,-395.9375,,
13/12/2017 04:41:22,df3aa6c0-dfbf-11e7-b58c-a46376aa41a9,lorrad,HR 1183,-72.875,-145.09375,-336.96875,,Pleiades Sector EB-X c1-16,-82.375,-142.4375,-352.1875,,
13/12/2017 08:28:45,71520070-dfdf-11e7-9f09-9ad2c3c42610,Ilectron,Pleiades Sector ZA-N b7-0,-81.53125,-144.9375,-282.90625,,Aries Dark Region UZ-O b6-0,-79.5,-139.65625,-220.875,,
13/12/2017 15:36:37,b85422f0-e01b-11e7-a55e-a0639187436c,Steve Arthur,Pleiades Sector LC-V c2-7,-61.875,-164.875,-307.5,,Pleiades Sector TJ-Q b5-1,-75.4375,-160.1875,-317.34375,,
13/12/2017 17:32:41,9ded001e-e02b-11e7-a604-74d02b9c6fe9,Ernest T Bass,HIP 20491,-19.40625,-48.0625,-157.8125,,Arietis Sector EL-X b1-5,-31.375,-55.46875,-172.59375,,
14/12/2017 08:17:52,15b5685e-e0a7-11e7-99eb-82465038772d,Ilectron,Pleiades Sector VU-O b6-3,-71.78125,-141.375,-294.53125,,Pleiades Sector DH-L b8-1,-71.46875,-144.875,-254.0625,,
14/12/2017 10:49:39,7889319e-e0bc-11e7-b8e1-d43d7ed72c22,Factabulous,Aries Dark Region TE-P b6-1,-61.0625,-113.3125,-217.5625,,Pleiades Sector YF-N b7-1,-64,-116.46875,-266.21875,,
14/12/2017 12:26:58,10bb1080-e0ca-11e7-816a-d43d7ed72c22,Factabulous,Electra,-86.0625,-159.9375,-361.65625,,HIP 16753,-88.3125,-172.9375,-348.84375,,
14/12/2017 14:55:29,dc03af40-e0de-11e7-8855-00241d10823a,Cymoril Irsei,Electra,-86.0625,-159.9375,-361.65625,,Pleiades Sector HR-W d1-59,-76.03125,-128.3125,-326.25,,
14/12/2017 17:29:10,4896bd8f-e0f4-11e7-bbd0-3860773263f3,Teals,9 Omicron-2 Orionis,21.53125,-55.75,-176.09375,,Hyades Sector HW-V b2-5,5.75,-73.09375,-212.5625,,
14/12/2017 17:29:13,4a667480-e0f4-11e7-b01f-3860773263f3,Teals,9 Omicron-2 Orionis,21.53125,-55.75,-176.09375,,Hyades Sector HW-V b2-5,5.75,-73.09375,-212.5625,,
14/12/2017 19:57:44,0f765cde-e109-11e7-87d3-d8cb8a18cc75,Silmar,Aries Dark Region YU-O b6-0,-31.9375,-147.0625,-224.625,,Aries Dark Region QI-S b4-2,-36.0625,-149.6875,-251.28125,,
14/12/2017 20:01:23,e0300c4f-e109-11e7-9a3d-a0639187436c,Steve Arthur,Pleiades Sector HR-W d1-42,-70.1875,-150.21875,-343.84375,,HIP 18502,-55.1875,-147.71875,-341.09375,,
14/12/2017 22:53:06,dd957761-e121-11e7-bf98-a0639187436c,Steve Arthur,42 n Persei,-83.5625,-73.40625,-244.34375,,Hyades Sector ZP-X b1-0,-80.96875,-81.375,-241.15625,,
15/12/2017 05:14:11,c5d13a30-e156-11e7-b862-bcaec57c782a,StonedThoughts,HIP 18700,0.5,-95.0625,-165,,Hyades Sector MX-T b3-4,-13.3125,-100.5625,-192,,
15/12/2017 05:19:42,8a9319b0-e157-11e7-b8a8-bcaec57c782a,StonedThoughts,Aries Dark Region RY-Q b5-0,-20.0625,-121.46875,-244.71875,,Pleiades Sector BB-N b7-3,-33.65625,-128.96875,-271,,
15/12/2017 18:52:14,1280b370-e1c9-11e7-856f-28e3474c293e,ussnumbnuts100,Atlas,-76.71875,-147.34375,-344.4375,,Pleiades Sector UZ-O b6-0,-62.0625,-124.34375,-304.125,,
15/12/2017 19:21:53,3068f6a1-e1cd-11e7-9ea9-901b0e4504a9,LCU No Fool Like One,Electra,-86.0625,-159.9375,-361.65625,,Taygeta,-88.5,-159.6875,-366.28125,,
15/12/2017 20:58:02,f51b0bc0-e1da-11e7-9c57-a0639187436c,Steve Arthur,HIP 17729,-74.46875,-125.65625,-303.65625,,Pleiades Sector TZ-O b6-0,-80.40625,-124.125,-304.125,,
15/12/2017 22:09:20,ead80c30-e1e4-11e7-b0c8-a0639187436c,Steve Arthur,HIP 17225,-86.15625,-165.59375,-356.8125,,Pleiades Sector PD-S b4-0,-80.625,-156.6875,-337.4375,,
15/12/2017 23:33:15,542b1640-e1f0-11e7-baeb-28e3474c293e,ussnumbnuts100,Mel 22 Sector BM-C b13-1,-91.6875,-254.84375,-337.15625,,HIP 14909,-84.375,-259.28125,-358.65625,,
16/12/2017 08:17:50,8f2e5100-e239-11e7-9450-240a649fb0c1,Shadazar,Pleiades Sector IH-V c2-16,-92,-143.5,-341.3125,,Merope,-78.59375,-149.625,-340.53125,,
16/12/2017 20:44:34,e4f17191-e2a1-11e7-894a-a27b1694df3f,MatheoZ,Pleiades Sector YP-O b6-0,-52.125,-154.9375,-285.09375,,HIP 17481,-58.84375,-150.25,-305.53125,,
16/12/2017 21:40:22,b6e4fc61-e2a9-11e7-a904-fcaa1420a826,Skye Nakamura,Electra,-86.0625,-159.9375,-361.65625,,Taygeta,-88.5,-159.6875,-366.28125,,
16/12/2017 22:51:31,a77c8b30-e2b3-11e7-a671-fcaa1420a826,Skye Nakamura,HIP 17694,-72.25,-152.53125,-338.6875,,Pleiades Sector GW-W c1-13,-77.375,-156.3125,-352.03125,,
17/12/2017 00:09:17,7e2e8111-e2be-11e7-8a5c-6045cba08477,olik98,Pleiades Sector WU-O b6-3,-53.125,-135.0625,-288,,HIP 17481,-58.84375,-150.25,-305.53125,,
17/12/2017 12:01:31,11e0fc40-e322-11e7-b642-14dae9138f3d,Eid LeWeise,HIP 17704,-72.03125,-133.90625,-311.09375,,HIP 17692,-74.125,-143.96875,-328.78125,,
17/12/2017 13:22:32,5585e040-e32d-11e7-a607-bcaec57c782a,StonedThoughts,Aries Dark Region DL-O b6-0,-19.34375,-189.78125,-221.03125,,Col 285 Sector RR-M b7-3,-1.96875,-204.0625,-199.34375,,
17/12/2017 17:01:04,d8a1201e-e34b-11e7-b8ed-94de80ae1ebf,DarkWolf009,Pleiades Sector IH-V c2-13,-84.15625,-137.5,-328,,Maia,-81.78125,-149.4375,-343.375,,
18/12/2017 18:00:03,4b475500-e41d-11e7-a92a-00241d10823a,Cymoril Irsei,HIP 17125,-95.875,-128.75,-316.5625,,Maia,-81.78125,-149.4375,-343.375,,
19/12/2017 03:33:56,6fbe4c40-e46d-11e7-a533-7085c23290d3,Maligno,Pleiades Sector DL-Y d68,-80.6875,-141.5625,-352.09375,,Atlas,-76.71875,-147.34375,-344.4375,,
19/12/2017 07:25:37,21c0ec6e-e48e-11e7-81ef-a0639187436c,Steve Arthur,Hyades Sector WU-X b1-4,-93.84375,-54.25,-226.3125,,Hyades Sector AB-W b2-2,-91.65625,-62.53125,-224.5,,
19/12/2017 16:08:49,eda928f0-e4d6-11e7-a63d-00241d10823a,Cymoril Irsei,Electra,-86.0625,-159.9375,-361.65625,,Taygeta,-88.5,-159.6875,-366.28125,,
19/12/2017 17:50:28,13fe5c0f-e4e5-11e7-bc51-d43d7ed72c22,Factabulous,Pleiades Sector GR-V b2-1,-92.6875,-154.125,-367.125,,Pleiades Sector LX-T b3-0,-84.375,-159.09375,-364.375,,
20/12/2017 19:08:35,31ff12c0-e5b9-11e7-b5d6-28e3474c293e,ussnumbnuts100,Synuefe IJ-O d7-19,143.4375,-218.09375,-359.34375,,Synuefe SD-B c16-8,112.5625,-214.5,-354.59375,,
20/12/2017 23:07:55,9af92561-e5da-11e7-8d14-74d02bb7fa95,CodexNecro81,Arietis Sector DQ-Y c19,-52.46875,-87.09375,-167.6875,,HIP 15278,-51.84375,-83.625,-152.90625,,
21/12/2017 11:06:17,fc7709b0-e63e-11e7-83f4-28e3474c293e,ussnumbnuts100,Pleiades Sector IR-W d1-55,-63.59375,-147.40625,-319.09375,,Maia,-81.78125,-149.4375,-343.375,,
21/12/2017 14:16:45,936495cf-e659-11e7-89c1-00241d10823a,Cymoril Irsei,Merope,-78.59375,-149.625,-340.53125,,Maia,-81.78125,-149.4375,-343.375,,
22/12/2017 04:36:27,aa822a21-e6d1-11e7-b46c-74d02bb7fa95,CodexNecro81,HIP 17729,-74.46875,-125.65625,-303.65625,,HIP 17044,-74.25,-129.53125,-283.15625,,
23/12/2017 05:25:02,9fcd1ce1-e7a1-11e7-88b9-6045cba08477,olik98,HR 1183,-72.875,-145.09375,-336.96875,,HIP 17694,-72.25,-152.53125,-338.6875,,
24/12/2017 14:05:54,8cd50451-e8b3-11e7-a516-d43d7ed72c22,Factabulous,Pleiades Sector IR-W d1-55,-63.59375,-147.40625,-319.09375,,Pleiades Sector IH-V c2-8,-75.84375,-144.875,-324.15625,,
25/12/2017 20:43:04,3485f9b0-e9b4-11e7-bda1-6245b4ed960d,Molan Ryke,Maia,-81.78125,-149.4375,-343.375,,Pleione,-77,-146.78125,-344.125,,
25/12/2017 20:47:51,dd3fa3d1-e9b4-11e7-bd4f-7071bc9f2f04,Moraes,HIP 15278,-51.84375,-83.625,-152.90625,,HIP 16529,-34.21875,-61.375,-124.5625,,
26/12/2017 05:49:00,78b077de-ea00-11e7-a101-28b2bd378a70,Louis Calvert,Hyades Sector BV-Y c11,0.5625,-97.28125,-238.625,,HIP 21395,21.46875,-100.84375,-243.84375,,
26/12/2017 05:57:32,ac24f6e1-ea01-11e7-9be1-9cb6d01a2036,Joshua Macer,Pleiades Sector HR-W d1-41,-83.96875,-146.15625,-334.21875,,Sterope II,-81.65625,-147.28125,-340.84375,,
26/12/2017 22:02:11,691dec30-ea88-11e7-8ef4-74d02b2b0db1,Mark P Dorling,Celaeno,-81.09375,-148.3125,-337.09375,,Merope,-78.59375,-149.625,-340.53125,,
26/12/2017 23:05:00,30a6ba40-ea91-11e7-bba4-005056c00008,Redden Alt-Mer,HIP 10258,-35.21875,-124.46875,-88.96875,,Arietis Sector JR-W c1-8,-57.46875,-136.46875,-142.5,,
27/12/2017 00:31:40,4d13d580-ea9d-11e7-bbde-0862664bbaa7,Seph Iridan,Celaeno,-81.09375,-148.3125,-337.09375,,Merope,-78.59375,-149.625,-340.53125,,
27/12/2017 22:16:12,8b94fee1-eb53-11e7-a49a-901b0e4504a9,LCU No Fool Like One,Maia,-81.78125,-149.4375,-343.375,,Pleiades Sector KC-V c2-15,-84.53125,-160.15625,-339.96875,,
27/12/2017 22:32:18,cb0772e1-eb55-11e7-b76a-6245b4ed960d,Molan Ryke,HR 1185,-64.65625,-148.9375,-330.40625,,Merope,-78.59375,-149.625,-340.53125,,
28/12/2017 19:13:44,3950c0a1-ec03-11e7-9212-60a44c5f46b1,IBastavd,HR 1065,-92.3125,-122.28125,-278.5625,,Pleiades Sector BM-L b8-3,-82.03125,-113.53125,-258.28125,,
29/12/2017 07:30:41,2982405e-ec6a-11e7-8df0-3860773263f3,Teals,Arietis Sector CA-Z b0,-44.9375,-80.0625,-203.84375,,26 Tauri,-49.03125,-95.78125,-222.0625,,
29/12/2017 07:30:44,2b1dc7ee-ec6a-11e7-bb4a-3860773263f3,Teals,Arietis Sector CA-Z b0,-44.9375,-80.0625,-203.84375,,26 Tauri,-49.03125,-95.78125,-222.0625,,
30/12/2017 10:24:02,8de8219e-ed4b-11e7-975b-00252278d214,WintericeUK,HIP 17862,-81.4375,-151.90625,-359.59375,,Pleiades Sector DL-Y d58,-84.46875,-131.375,-373.28125,,
30/12/2017 11:13:57,83d56130-ed52-11e7-b110-d43d7ed72c22,Factabulous,HIP 22984,75.09375,-141.84375,-382.125,,Mel 22 Sector ND-H b11-0,29.8125,-139.15625,-369.40625,,
30/12/2017 11:20:11,62dd7ac0-ed53-11e7-b92e-d43d7ed72c22,Factabulous,Merope,-78.59375,-149.625,-340.53125,,Maia,-81.78125,-149.4375,-343.375,0,4.28
31/12/2017 07:03:49,bfdf1530-edf8-11e7-8a16-00252278d214,WintericeUK,Pleiades Sector TJ-Q b5-2,-74.28125,-156.375,-323.34375,,Pleiades Sector NS-T b3-1,-73.65625,-169.34375,-351.5,18.96,23.1
31/12/2017 07:33:13,db783840-edfc-11e7-92e3-00252278d214,WintericeUK,Pleiades Sector VY-A b0,-74,-147.84375,-439.5,,Pleiades Sector EL-Y d56,-64.03125,-126.9375,-422.34375,99.09,86.14
01/01/2018 08:39:38,4beb6b0f-eecf-11e7-b13c-0862664bbaa7,Seph Iridan,Pleiades Sector YP-O b6-1,-55.25,-147.625,-299.375,,Asterope,-80.15625,-144.09375,-333.375,47.36,9.18
01/01/2018 11:05:40,b511829e-eee3-11e7-976b-bc5ff4cb108a,EvilMadcat,Pleiades Sector HR-W d1-41,-83.96875,-146.15625,-334.21875,,Maia,-81.78125,-149.4375,-343.375,8.99,4.28
01/01/2018 17:04:35,d8b4f8de-ef15-11e7-b15b-bc5ff4cb108a,EvilMadcat,Pleiades Sector DL-Y d69,-89.84375,-152.0625,-352.40625,,Maia,-81.78125,-149.4375,-343.375,16.54,4.28
02/01/2018 17:21:56,6e589a70-efe1-11e7-9b96-00252278d214,WintericeUK,HIP 14756,-159.53125,-104.53125,-297.5,,Pleiades Sector SK-N b7-3,-137.84375,-98.0625,-281.125,102.16,98.48
03/01/2018 06:27:50,38a612de-f04f-11e7-abfb-9cb6d01a2036,Joshua Macer,Pleiades Sector IR-W d1-36,-33,-169.34375,-313.90625,,Pleiades Sector VJ-Q b5-0,-43.875,-161.78125,-324.625,56.36,40.08
03/01/2018 16:46:02,949740a1-f0a5-11e7-8994-00252278d214,WintericeUK,Mel 22 Sector ZU-P c5-1,-75.4375,-284.5,-361.8125,,Mel 22 Sector NX-U d2-27,-57.125,-274.71875,-373.6875,136.58,131.18
04/01/2018 15:27:54,d6a58ec0-f163-11e7-89ea-60a44c5f46b1,IBastavd,HIP 11157,-68.1875,-110.4375,-125.59375,,Assinda,-70.3125,-118.90625,-112.125,218.73,230.61
04/01/2018 15:31:13,4a96a61e-f164-11e7-8451-d43d7ed72c22,Factabulous,Merope,-78.59375,-149.625,-340.53125,,Maia,-81.78125,-149.4375,-343.375,0,4.28
06/01/2018 07:43:15,41c45e00-f2b5-11e7-8b35-9cb6d01a2036,Joshua Macer,Pleiades Sector VZ-O b6-1,-36.25,-115.21875,-300.3125,,Pleiades Sector VZ-O b6-2,-32.65625,-119.59375,-297.25,67.78,69.9
06/01/2018 07:56:00,096943c0-f2b7-11e7-bd00-9cb6d01a2036,Joshua Macer,Hyades Sector VY-A b4,-25.0625,-96.03125,-267.78125,,Hyades Sector AF-Z b0,-22.5,-100,-264.125,105.03,106.99
07/01/2018 02:52:22,c7961140-f355-11e7-be2d-74d02b2b0db1,Mark P Dorling,Mel 22 Sector TO-R c4-4,-175.375,-284.53125,-406.75,,Mel 22 Sector LX-U d2-24,-185.96875,-286.6875,-405.03125,178.75,185.68
08/01/2018 01:00:23,4d691ab0-f40f-11e7-880a-f46d0440775f,g1t,Arietis Sector FX-R a5-2,-76.59375,-25.375,-162.5,,Ngalia,-74.625,-35.03125,-165.96875,217.11,208.85
08/01/2018 22:54:32,e219e7de-f4c6-11e7-b39f-c86000127bac,LCU No Fool Like One,Mel 22 Sector MS-T c3-5,-139.21875,-218.875,-448.96875,,Mel 22 Sector ON-T c3-3,-128.375,-230.3125,-450.9375,142.23,145.53
09/01/2018 10:49:29,c18b1a80-f52a-11e7-8bd9-448a5ba2bd43,Syleo,Pleiades Sector IM-V b2-1,-103.78125,-184.0625,-384.125,,Pleiades Sector FG-Y d48,-95.0625,-191.8125,-350.40625,61,46.35
09/01/2018 11:23:45,8b50dd0f-f52f-11e7-bcab-448a5ba2bd43,Syleo,Aries Dark Region XJ-Q b5-1,-18.8125,-184.65625,-237.125,,Aries Dark Region GW-W d1-40,-47.375,-166.84375,-242.90625,124.47,103.93
09/01/2018 16:06:08,ffa47511-f556-11e7-8bf6-f46d0440775f,g1t,Arietis Sector RP-M a8-3,-82.71875,-27.65625,-130.25,,Massagetae,-83.65625,-23.71875,-139.8125,243.13,236.99
09/01/2018 17:44:57,cda46fcf-f564-11e7-aa86-f46d0440775f,g1t,Massagetae,-83.65625,-23.71875,-139.8125,,Wolf 182,-82.21875,-29.59375,-152.28125,236.99,223.29
10/01/2018 03:56:49,42f9d180-f5ba-11e7-8b39-6245b4ed65c8,Rogue Lobster,Pleiades Sector VU-O b6-2,-80.25,-137.25,-298.65625,,Celaeno,-81.09375,-148.3125,-337.09375,43.7,4.45
10/01/2018 17:53:07,1c557d6e-f62f-11e7-a451-d43d7ed72c22,Factabulous,Pleiades Sector KC-V c2-4,-88.8125,-148.71875,-321.1875,,Pleiades Sector IH-V c2-8,-75.84375,-144.875,-324.15625,21.9,17.27
10/01/2018 17:57:58,c91e6e40-f62f-11e7-a705-ac220b7f466d,Asha Varx,Asterope,-80.15625,-144.09375,-333.375,,Merope,-78.59375,-149.625,-340.53125,9.18,0
10/01/2018 18:37:48,593bf28f-f635-11e7-b5e6-4c3488cfb871,Targrad,Atlas,-76.71875,-147.34375,-344.4375,,Merope,-78.59375,-149.625,-340.53125,4.9,0
10/01/2018 23:26:21,abe9b0e1-f65d-11e7-824d-28b2bd378a70,Louis Calvert,HIP 22760,-71.6875,-13.5625,-290.78125,,Col 285 Sector GL-V b3-3,-56.46875,-14.625,-276.8125,145.04,150.91
10/01/2018 23:44:14,2b0460d1-f660-11e7-867e-28b2bd378a70,Louis Calvert,Pleiades Sector WU-O b6-0,-53.875,-128.15625,-297.71875,,HIP 18833,-45.09375,-114.9375,-284.75,53.9,73.74
10/01/2018 23:53:41,74dbec40-f661-11e7-942a-901b0e4504a9,LCU No Fool Like One,HIP 18762,-60.25,-201.125,-459.1875,,Hind Sector HR-W d1-15,-38.25,-204,-470.40625,130.64,146.46
11/01/2018 04:09:46,3e5dafde-f685-11e7-878f-bc5ff47306a2,vidslo,Asterope,-80.15625,-144.09375,-333.375,,Pleiades Sector KC-V c2-14,-85.5,-156.28125,-342.25,9.18,9.74
11/01/2018 22:19:03,6e7122f0-f71d-11e7-8f83-6245b4ed960d,Molan Ryke,Hyades Sector ZU-Y c16,-75.65625,-72.625,-236.96875,,Arietis Sector WT-A b1,-73.4375,-69.34375,-212.46875,129.08,151.23
12/01/2018 03:05:57,82924e80-f745-11e7-b9d1-2c4d54522df7,Molan Ryke,Pleiades Sector CW-M b7-0,-60.28125,-164.25,-283.5625,,HIP 16469,-48.46875,-161.34375,-266.71875,61.6,80.58
12/01/2018 15:00:25,5127dc70-f7a9-11e7-8f47-001a7dda7113,STRATOS D!,HIP 17692,-74.125,-143.96875,-328.78125,,Pleiades Sector IH-V c2-5,-78.71875,-138.03125,-321.78125,13.78,22.05
13/01/2018 00:26:32,607d164f-f7f8-11e7-a14a-f46d0440775f,g1t,HR 1185,-64.65625,-148.9375,-330.40625,,Pleiades Sector HR-W d1-41,-83.96875,-146.15625,-334.21875,17.24,8.99
13/01/2018 00:53:48,3415c270-f7fc-11e7-a8a7-54a050b58dfc,BobBelcher,HIP 17892,-70.75,-157.9375,-352.84375,,HIP 17497,-79.125,-158.6875,-349.125,16.8,12.5
13/01/2018 02:23:24,b3864f00-f808-11e7-8ff2-901b0e4504a9,LCU No Fool Like One,Pleiades Sector HR-V b2-1,-75.15625,-163.8125,-382.84375,,HIP 17862,-81.4375,-151.90625,-359.59375,44.76,19.41
13/01/2018 06:09:28,4e286561-f828-11e7-85e0-001fbc102084,BackSinner,Synuefe UZ-E b31-2,57.125,-119.375,-387.03125,,Synuefe VK-D b32-1,42.84375,-102.8125,-378.90625,146.62,135.69
13/01/2018 16:36:53,eb15349e-f87f-11e7-bbd6-c8600006c420,sidedream,HIP 17692,-74.125,-143.96875,-328.78125,,HR 1185,-64.65625,-148.9375,-330.40625,13.78,17.24
13/01/2018 18:19:09,3b4dfa21-f88e-11e7-ab1c-94de8021d177,Tarkumi,Pleiades Sector YU-Y c3,-153.21875,-127.375,-391.1875,,Pleiades Sector CL-Y d65,-146.84375,-129.5625,-404.25,92.9,95.5
13/01/2018 21:43:41,d17d7b80-f8aa-11e7-b89b-40b89af19e4e,PerfectTommy,Hyades Sector UZ-V a3-0,-43.6875,-36.125,-235.875,,Hyades Sector ZK-W b2-1,-40.5625,-18.03125,-219.0625,158.28,183.08
13/01/2018 21:49:40,9a8430a1-f8ab-11e7-a02f-6245b4ed8b7e,OneRik,HIP 19663,14.5,-207.9375,-401.53125,,HIP 20014,42.8125,-231.09375,-424.6875,125.65,168.7
14/01/2018 06:07:31,32c35b80-f8f1-11e7-b58c-3085a9951b6a,MVIK,HR 1185,-64.65625,-148.9375,-330.40625,,Pleiades Sector IR-W d1-55,-63.59375,-147.40625,-319.09375,17.24,26.26
14/01/2018 09:24:34,b94c5240-f90c-11e7-8c8f-04766ecd1f9b,Simi2,Mel 22 Sector XZ-F b11-0,-19.875,-257.90625,-371.8125,,HR 1089,-5.4375,-267.34375,-347.4375,127.09,138.77
14/01/2018 10:18:36,4704ab80-f914-11e7-bbf5-f46d0440775f,g1t,HR 1185,-64.65625,-148.9375,-330.40625,,HIP 17692,-74.125,-143.96875,-328.78125,17.24,13.78
14/01/2018 11:45:27,677881f0-f920-11e7-b849-04766ecd1f9b,Simi2,Mel 22 Sector UT-R c4-4,-35.5625,-260.03125,-390.625,,Mel 22 Sector UE-G b11-0,-39.5,-239.625,-380.625,128.65,106
14/01/2018 13:15:21,f6155580-f92c-11e7-bedf-001a7dda7102,Svetislav,Merope,-78.59375,-149.625,-340.53125,,Maia,-81.78125,-149.4375,-343.375,0,4.28
14/01/2018 20:57:59,38b5f5cf-f96d-11e7-b5ee-005056c00008,Avulon,Hyades Sector AQ-Y d93,-74.59375,-70.9375,-253.96875,,Hyades Sector XE-Z b2,-71.28125,-85.40625,-257.75,117.05,105.03
14/01/2018 20:58:00,38c8936e-f96d-11e7-9241-005056c00008,Avulon,Hyades Sector AQ-Y d93,-74.59375,-70.9375,-253.96875,,Hyades Sector XE-Z b2,-71.28125,-85.40625,-257.75,117.05,105.03
14/01/2018 22:33:20,ead4a41e-f97a-11e7-8a25-4c3488cfb871,Targrad,Pleiades Sector YF-N b7-0,-54.90625,-116.5,-271.96875,,Hyades Sector ZE-Z b2,-41.75,-98.21875,-250.5,79.74,110.03
15/01/2018 03:15:39,59cb3fc0-f9a2-11e7-a224-3085a9951b6a,MVIK,Atlas,-76.71875,-147.34375,-344.4375,,HR 1185,-64.65625,-148.9375,-330.40625,4.9,17.24
15/01/2018 21:06:18,e87386c0-fa37-11e7-a61d-c8600006c420,sidedream,Pleiades Sector GR-V b2-0,-102.25,-159.1875,-385,,Pleiades Sector XE-Z b0,-122.46875,-151.71875,-411.625,51.27,83.57
15/01/2018 22:35:32,63237e00-fa44-11e7-96d8-6036ddaae857,gubi,Pleiades Sector XP-O b6-1,-80.28125,-158.0625,-302.71875,,Pleiades Sector IH-V c2-7,-78.46875,-144.9375,-324.9375,38.78,16.28
16/01/2018 13:01:35,5fd420ee-fabd-11e7-9d96-d43d7ed72c22,Factabulous,Maia,-81.78125,-149.4375,-343.375,,Pleiades Sector YP-O b6-2,-58.15625,-146.75,-303.1875,4.28,42.67
16/01/2018 20:43:41,e7e0d1b0-fafd-11e7-a168-74d02b2b0db1,Mark P Dorling,Col 285 Sector YP-V b3-2,-184.125,9.4375,-272.25,,Col 285 Sector AL-V b3-4,-172.84375,-6.84375,-284.9375,202.73,179.89
17/01/2018 01:46:14,56a3d2cf-fb28-11e7-b042-00055de0e750,Deathcow,Pleiades Sector IH-V c2-9,-72.5625,-141.96875,-326.28125,,HR 1183,-72.875,-145.09375,-336.96875,17.26,8.12
17/01/2018 03:04:24,1daadbcf-fb33-11e7-bcb5-309c2300f701,-RY-,HIP 17692,-74.125,-143.96875,-328.78125,,Pleiades Sector IH-V c2-9,-72.5625,-141.96875,-326.28125,13.78,17.26
18/01/2018 00:41:54,63f31930-fbe8-11e7-b714-fcaa14230724,M. Volgrand,Pleiades Sector IR-W d1-55,-63.59375,-147.40625,-319.09375,,Pleiades Sector IH-V c2-7,-78.46875,-144.9375,-324.9375,26.26,16.28
18/01/2018 18:28:15,5d97f200-fc7d-11e7-9c4c-94de802489fb,bagofholding,Pleiades Sector KC-V c2-4,-88.8125,-148.71875,-321.1875,,Pleiades Sector IH-V c2-9,-72.5625,-141.96875,-326.28125,21.9,17.26
18/01/2018 22:52:36,47cabd21-fca2-11e7-906b-60a44c5f46b1,IBastavd,HIP 17692,-74.125,-143.96875,-328.78125,,Merope,-78.59375,-149.625,-340.53125,13.78,0
19/01/2018 16:57:54,e28b426e-fd39-11e7-8a45-d7b8909bb9a8,lorrad,Pleiades Sector KC-V c2-17,-90.15625,-152.6875,-340.34375,,Pleiades Sector HR-W d1-41,-83.96875,-146.15625,-334.21875,11.96,8.99
19/01/2018 21:47:27,53e1aa8f-fd62-11e7-9408-94de8021d177,Tarkumi,Struve's Lost Sector PN-T c3-0,57.96875,-181.8125,-422.1875,,Synuefe DD-Q d6-15,73.25,-207.875,-455.125,162.34,198.95
20/01/2018 17:45:31,b376af2e-fe09-11e7-bf80-4c3488cfb871,Targrad,HIP 17692,-74.125,-143.96875,-328.78125,,Pleiades Sector UZ-O b6-0,-62.0625,-124.34375,-304.125,13.78,47.31
21/01/2018 16:50:07,23980130-fecb-11e7-81a9-001a7dda7113,STRATOS D!,Celaeno,-81.09375,-148.3125,-337.09375,,Pleiades Sector HR-W d1-36,-67.65625,-150.71875,-333.3125,4.45,13.15
22/01/2018 10:12:22,bb048840-ff5c-11e7-929a-d43d7ed72c22,Factabulous,Pleiades Sector TZ-O b6-3,-74.375,-115.71875,-294.53125,,Pleiades Sector PT-Q b5-3,-72.53125,-118.96875,-317.6875,57.3,38.71
22/01/2018 10:15:47,3554a2b0-ff5d-11e7-9ada-d43d7ed72c22,Factabulous,Pleiades Sector NI-S b4-3,-76.40625,-131.875,-335.9375,,Pleione,-77,-146.78125,-344.125,18.46,4.85
22/01/2018 20:24:29,3e2da5cf-ffb2-11e7-9ac3-d43d7ed72c22,Factabulous,Pleiades Sector QO-Q b5-2,-90.5625,-136.46875,-316.59375,,Pleiades Sector WF-N b7-3,-93.03125,-117.34375,-281,29.82,69.24
26/01/2018 14:46:59,c1d7f5ee-02a7-11e8-baec-d43d7ed72c22,Factabulous,HR 1185,-64.65625,-148.9375,-330.40625,,Pleiades Sector IR-W d1-55,-63.59375,-147.40625,-319.09375,17.24,26.26
26/01/2018 14:55:46,fc3b5bf0-02a8-11e8-8d10-d43d7ed72c22,Factabulous,Pleiades Sector KC-V c2-11,-86.59375,-147.03125,-339.28125,,Taygeta,-88.5,-159.6875,-366.28125,8.5,29.37
26/01/2018 22:47:11,d8010b30-02ea-11e8-9e22-ac220b7f466d,Tokis Varx,Col 285 Sector CQ-X c1-7,-109.5625,-56.3125,-274.53125,,Synuefai HP-Y b34-5,-119.03125,-58.53125,-321.03125,118.42,101.56
30/01/2018 10:02:53,bb6f2940-05a4-11e8-b42a-f46d0440775f,g1t,Pleiades Sector YP-O b6-1,-55.25,-147.625,-299.375,,Pleiades Sector IR-W d1-55,-63.59375,-147.40625,-319.09375,47.36,26.26
30/01/2018 22:36:45,0be2ec8f-060e-11e8-b30d-94de8021d177,Tarkumi,Col 285 Sector EL-X c1-6,-111.03125,-83.375,-274.15625,,Pleiades Sector GM-V c2-9,-101.28125,-98.03125,-312.75,99.23,62.84
31/01/2018 00:22:16,c2c6ce9e-061c-11e8-84f3-74d4351f5e3d,OneRik,Pleiades Sector IH-V c2-7,-78.46875,-144.9375,-324.9375,,Maia,-81.78125,-149.4375,-343.375,16.28,4.28
03/02/2018 08:23:35,89e2f861-08bb-11e8-81d2-94de802489fb,bagofholding,Pleiades Sector IR-W d1-55,-63.59375,-147.40625,-319.09375,,Pleiades Sector OT-Q b5-3,-96.5625,-109.90625,-312.625,26.26,51.76
03/02/2018 18:31:47,7c680a40-0910-11e8-84d3-b06ebf2b0007,buck satan,HIP 16241,-52.3125,-177.28125,-283.40625,,Pleiades Sector NX-U c2-4,-61.3125,-201.84375,-328.03125,68.69,56.41
04/02/2018 15:14:14,0e690540-09be-11e8-8eb7-60a44c5f46b1,IBastavd,Pleiades Sector MN-T c3-5,-95.09375,-123.78125,-280.375,,Pleiades Sector ZA-N b7-3,-84.25,-136.875,-270.84375,67.52,71.07
07/02/2018 19:48:13,d4930d00-0c3f-11e8-9a0f-8ec0af6b13b7,lorrad,Pleiades Sector TJ-Q b5-2,-74.28125,-156.375,-323.34375,,HR 1183,-72.875,-145.09375,-336.96875,18.96,8.12
09/02/2018 22:16:14,d313f5de-0de6-11e8-ba93-c8600006c420,sidedream,Arietis Sector EV-Y b2,-40.75,-100,-191.71875,,Hyades Sector LX-T b3-0,-39.0625,-102.65625,-204.125,161.37,149.58
10/02/2018 09:08:22,f13c8ade-0e41-11e8-805b-6245b4ed960d,Molan Ryke,Pleiades Sector KS-T c3-17,-89.84375,-92.40625,-276.21875,,Col 285 Sector OC-T b4-0,-99.84375,-79.53125,-260.3125,86.81,108.63
10/02/2018 17:47:36,7a968280-0e8a-11e8-966b-28f10e14e7ac,Wizard Motor,Pleiades Sector DL-Y d60,-101.9375,-148.8125,-414.21875,,Taurus Dark Region PT-R b4-0,-126.5,-137.34375,-435.75,77.3,107.3
10/02/2018 18:08:14,5a6f95c0-0e8d-11e8-90b7-d43d7ed72c22,Factabulous,Pleiades Sector DL-Y d43,-121.5625,-120.71875,-367.09375,,Pleiades Sector FH-U b3-3,-112.03125,-122.25,-352.03125,58.2,44.72
11/02/2018 17:56:25,dfab86f0-0f54-11e8-bbc4-c8600006c420,sidedream,Arietis Sector DV-Y b0,-61.90625,-101.46875,-199.90625,,Aries Dark Region GW-W d1-52,-55.96875,-112.34375,-208.375,149.58,139.17
13/02/2018 19:45:49,7cffac8f-10f6-11e8-86c2-d43d7ed72c22,Factabulous,Maia,-81.78125,-149.4375,-343.375,,Merope,-78.59375,-149.625,-340.53125,4.28,0
15/02/2018 16:36:58,6f8f126e-126e-11e8-b6f0-f46d0440775f,g1t,Arietis Sector JB-X b1-1,-24.46875,-100.1875,-172.96875,,Kagutsuchi,-11.5,-84.5625,-162.65625,182.9,200.93
17/02/2018 02:43:28,4eaeae1e-138c-11e8-8742-6245b4f7252b,Zillatron,Pleiades Sector IH-V c2-7,-78.46875,-144.9375,-324.9375,,Merope,-78.59375,-149.625,-340.53125,16.28,0
20/02/2018 17:05:48,4bd3e6cf-1660-11e8-b0b9-9f8995e575be,lorrad,HR 1183,-72.875,-145.09375,-336.96875,,Pleiades Sector IH-V c2-5,-78.71875,-138.03125,-321.78125,8.12,22.05
20/02/2018 17:33:58,394f9e5e-1664-11e8-ad69-c8600006c420,sidedream,Arietis Sector DQ-Y c11,-49.4375,-92.21875,-171.34375,,64 Arietis,-57.09375,-90.65625,-178.34375,181.02,173.91
20/02/2018 19:02:32,99df0c00-1670-11e8-b275-10bf487866c9,Ku81k,Hyades Sector XE-Z b2,-71.28125,-85.40625,-257.75,,42 n Persei,-83.5625,-73.40625,-244.34375,105.03,122.83
20/02/2018 22:04:35,072e8fae-168a-11e8-94b2-c8600006c420,sidedream,Arietis Sector DQ-Y c7,-35.375,-88.84375,-168.21875,,Arietis Sector DQ-Y c11,-49.4375,-92.21875,-171.34375,187.76,181.02
21/02/2018 23:29:16,07c568b0-175f-11e8-9ec8-28f10e14e7ac,Wizard Motor,LHS 455,-16.90625,10.21875,-3.4375,,Sol,0,0,0,378.14,380.17
22/02/2018 12:58:23,0f176cee-17d0-11e8-b2e7-6245b4ed960d,Molan Ryke,Col 285 Sector KR-U b3-1,-132.75,-87.25,-278,,Pleiades Sector TK-N b7-2,-121.3125,-99.40625,-273.125,103.6,94.29
22/02/2018 18:09:12,7c048021-17fb-11e8-ba6e-28f10e14e7ac,Wizard Motor,HIP 17403,-93.6875,-158.96875,-367.625,,Maia,-81.78125,-149.4375,-343.375,32.39,4.28
24/02/2018 16:30:03,f4fd449e-197f-11e8-a9e4-28f10e14e7ac,Wizard Motor,Cephei Sector DL-Y c14,-126.40625,20.09375,-57.3125,,HR 8474,-97.96875,21.3125,-36.125,333.62,349.65
25/02/2018 09:08:13,6683db80-1a0b-11e8-b184-14dae97274fa,Andrev,Taurus Dark Region NX-U b2-1,-104.1875,-178.5625,-484.8125,,Struve's Lost Sector AQ-Y d24,-117.21875,-174.15625,-489.21875,149.36,155.57
25/02/2018 16:16:46,4567a25e-1a47-11e8-9121-28f10e14e7ac,Wizard Motor,HIP 17692,-74.125,-143.96875,-328.78125,,Maia,-81.78125,-149.4375,-343.375,13.78,4.28
25/02/2018 17:45:49,b643e230-1a53-11e8-824a-28f10e14e7ac,Wizard Motor,Aries Dark Region KD-R b5-3,-113,-93.8125,-244.6875,,Hyades Sector AQ-Y d68,-118.09375,-74.40625,-216.71875,116.12,150.16
25/02/2018 22:46:13,ae389ca1-1a7d-11e8-8aef-180373ddd3ae,K-nours,Arietis Sector BL-X b1-2,-99.53125,-64.15625,-177.5625,,Arietis Sector XE-Z b4,-98.78125,-54.03125,-199.6875,185.21,171.41
26/02/2018 04:45:04,cdb46230-1aaf-11e8-a4e8-0862664bbaa7,Seph Iridan,Wolf 1279,-51.46875,-117.46875,-250.78125,,HIP 17511,-56.875,-128.21875,-271.625,99.12,75.35
26/02/2018 19:54:38,dd0666f0-1b2e-11e8-8176-d43d7ed72c22,Factabulous,Nauni,-33.5,-70.1875,-162.1875,,Arietis Sector GG-X b1-4,-37.46875,-68.6875,-166.59375,200.38,196.2
27/02/2018 09:05:28,571e7770-1b9d-11e8-8a43-d43d7ed72c22,Factabulous,Aries Dark Region UE-P b6-0,-42.15625,-118,-209.125,,Pleiades Sector TO-R c4-2,-55.03125,-146.75,-248.25,139.98,95.29
28/02/2018 18:00:37,45f58eb0-1cb1-11e8-8247-d050999d374c,ussnumbnuts100,HIP 17704,-72.03125,-133.90625,-311.09375,,HIP 17692,-74.125,-143.96875,-328.78125,34.01,13.78
,,,12 Trianguli,-77.15625,-76.8125,-120.6875,,Arietis Sector DL-Y D73,-101.0625,-87.90625,-147.4375,,
,,,60 Tauri,2.625,-58.375,-132.46875,,HIP 20350,-6.78125,-58.53125,-151.5625,,
,,,aries dark region MS-T C3-13,-62.34375,-125.8125,-214.6875,,Hyades Sector IR-W c1-12,-25.90625,-152.5625,-185.75,,
,,,Aries Dark Region PY-Q B5-1,-56.78125,-115.5,-231.5,,Aries Dark Region PY-Q B5-3,-59.3125,-117.6875,-238.65625,,
,,,Aries Dark Region PY-Q b5-2,-58.53125,-114.875,-237.15625,,Pleiades Sector MX-U d2-54,-53.34375,-122.53125,-260.28125,,
,,,ARIES DARK REGION ZP-O B6-1,-58.875,-178.78125,-223.5625,,ARIES DARK REGION GW-W D1-37,-57.28125,-170.71875,-242.28125,,
,,,Arietis Sector CQ-Y C8,-69.875,-99.75,-183.78125,,Arietis Sector KH-V B2-3,-68.34375,-92.28125,-158.8125,,
,,,ARIETIS SECTOR HW-W C1-9,-35.375,-70.875,-133.1875,,BOTEIN,-42.03125,-88.875,-138.34375,,
,,,Arietis Sector MX-T B3-0,-39.8125,-62.9375,-140.25,,Arietis Sector FG-X B1-4,-50.34375,-71.75,-167.125,,
,,,Arietis Sector ZU-X b1-4,-49.4375,-17.25,-176.1875,,Arietis Sector WE-X a2-0,-53.90625,-34,-193,,
,,,Asterope,-80.15625,-144.09375,-333.375,,Maia,-81.78125,-149.4375,-343.375,,
,,,Asterope,-80.15625,-144.09375,-333.375,,Merope,-78.59375,-149.625,-340.53125,,
,,,Asterope,-80.15625,-144.09375,-333.375,,Pleiades Sector IH-V c2-7,-78.46875,-144.9375,-324.9375,,
,,,Col 285 Sector DV-Y D59,22.34375,-83.78125,-299.40625,,Synuefe AC-A B34-3,16.78125,-80.28125,-338.03125,,
,,,Col 285 Sector GM-V d2-82,-158.75,3.84375,-165.34375,,Col 285 Sector RJ-O b7-4,-156.84375,-23.0625,-203.96875,,
,,,Col 285 Sector MU-R a20-5,-142.15625,-25.25,-132.1875,,Arietis Sector YL-T a4-5,-127.5,-43.90625,-165.5,,
,,,Diaguandri,-41.0625,-62.15625,-103.25,,Paesan,-47.5,-77.46875,-138.59375,,
,,,Electra,-86.0625,-159.9375,-361.65625,,Alcyone,-82.9375,-156.78125,-362.09375,,
,,,Electra,-86.0625,-159.9375,-361.65625,,HIP 17225,-86.15625,-165.59375,-356.8125,,
,,,Electra,-86.0625,-159.9375,-361.65625,,pleiades sector DB-X C1-8,-120,-133.625,-355.0625,,
,,,Electra,-86.0625,-159.9375,-361.65625,,Pleiades Sector DL-Y D46,-80.25,-179.71875,-352.125,,
,,,HIP 15304,-11.84375,-96.40625,-115,,Tiang K'an,-19.09375,-101.84375,-130.6875,,
,,,HIP 16813,-57.03125,-143.375,-268.28125,,Aries Dark Region NS-S b4-2,-21.75,-118.125,-258.15625,,
,,,HIP 16813,-57.03125,-143.375,-268.28125,,Pleiades Sector HR-W d1-21,-69.0625,-147.125,-267.84375,,
,,,HIP 17125,-95.875,-128.75,-316.5625,,MAIA,-81.78125,-149.4375,-343.375,,
,,,HIP 17125,-95.875,-128.75,-316.5625,,Pleiades Sector IH-V c2-7,-78.46875,-144.9375,-324.9375,,
,,,HIP 17225,-86.15625,-165.59375,-356.8125,,Maia,-81.78125,-149.4375,-343.375,,
,,,HIP 17225,-86.15625,-165.59375,-356.8125,,PLEIADES SECTOR DL-Y D66,-90.78125,-159.53125,-354.09375,,
,,,HIP 17305,-35.25,-72.53125,-153.9375,,Jataya,-36.40625,-67.96875,-152.71875,,
,,,HIP 17403,-93.6875,-158.96875,-367.625,,Maia,-81.78125,-149.4375,-343.375,,
,,,HIP 17497,-79.125,-158.6875,-349.125,,MAIA,-81.78125,-149.4375,-343.375,,
,,,HIP 17497,-79.125,-158.6875,-349.125,,Pleiades Sector HR-W d1-36,-67.65625,-150.71875,-333.3125,,
,,,HIP 17694,-72.25,-152.53125,-338.6875,,Pleione,-77,-146.78125,-344.125,,
,,,HIP 20528,-27,-41.8125,-159.875,,HIP 23027,-6,-28.25,-149.46875,,
,,,HIP 23139,17.84375,-74.75,-290.625,,Hyades Sector TD-B B4,-30,-82.40625,-270.71875,,
,,,HIP 23486,56.03125,-80.34375,-205.3125,,Hyades Sector GB-X C1-12,40.375,-73.59375,-202.3125,,
,,,HR 1172,-75.1875,-152.40625,-346.59375,,Electra,-86.0625,-159.9375,-361.65625,,
,,,HR 1185,-64.65625,-148.9375,-330.40625,,HR 1183,-72.875,-145.09375,-336.96875,,
,,,Hyades Sector AB-W b2-2,-91.65625,-62.53125,-224.5,,Hyades Sector AB-W b2-1,-98.25,-63.65625,-210.53125,,
,,,Hyades Sector DB-X c1-6,-89.5,-85.34375,-222.6875,,HIP 18625,-41.6875,-96.46875,-237.03125,,
,,,Hyades Sector DB-X D1-114,-37.40625,-11.25,-174.40625,,Arietis Sector AV-X B1-4,-43.53125,-16.875,-171.15625,,
,,,Hyades sector EB-W B2-2,-12.90625,-61.46875,-210.125,,Hyades sector ZZ-Y C11,-0.84375,-56.09375,-227.625,,
,,,Hyades Sector EB-W b2-2,-12.90625,-61.46875,-210.125,,Hyades Sector ZZ-Y c11,-0.84375,-56.09375,-227.625,,
,,,Hyades Sector HR-V b2-1,-41.6875,-101.90625,-221.1875,,Hyades Sector HR-V b2-0,-43.21875,-102.9375,-223.3125,,
,,,Hyades Sector HW-V B2-1,-1.375,-80.1875,-219.75,,Hip 20369,-15,-94.59375,-254.15625,,
,,,HYADES SECTOR NS-T B3-2,-29.5625,-117.78125,-198.15625,,HIP 15249,-40.1875,-122.84375,-177.625,,
,,,Hyades sector rd-t c3-11,-24.90625,-163.46875,-127.46875,,Hyades sector gm-m b7-3,-16.875,-142.8125,-112.0625,,
,,,Hyades Sector UI-B b3,16.375,-55.4375,-275.25,,Hyades Sector TI-B b3,9.53125,-62.03125,-282.125,,
,,,Hyades Sector WJ-Q B5-4,26.40625,-102.09375,-154.53125,,Hyades Sector SD-S b4-2,25.4375,-98.34375,-179.65625,,
,,,Hyades Sector WJ-Z b3,-60.03125,-82.375,-252.9375,,Pleiades Sector MN-T c3-8,-70.40625,-113.09375,-273.84375,,
,,,maia,-81.78125,-149.4375,-343.375,,hip 17125,-95.875,-128.75,-316.5625,,
,,,MAIA,-81.78125,-149.4375,-343.375,,HIP 17692,-74.125,-143.96875,-328.78125,,
,,,MAIA,-81.78125,-149.4375,-343.375,,HIP 17694,-72.25,-152.53125,-338.6875,,
,,,Maia,-81.78125,-149.4375,-343.375,,HR 1183,-72.875,-145.09375,-336.96875,,
,,,Maia,-81.78125,-149.4375,-343.375,,Merope,-78.59375,-149.625,-340.53125,,
,,,Maia,-81.78125,-149.4375,-343.375,,Pleiades Sector MI-S b4-2,-91.09375,-133.3125,-330.09375,,
,,,MEL 22 SECTOR AR-L B8-1,-158.34375,-223.15625,-430.90625,,PLEIADES SECTOR EB-X B1-2,-140.40625,-192.0625,-404.8125,,
,,,MEL 22 SECTOR EM-L B8-1,-116.03125,-226.3125,-430.78125,,MEL 22 SECTOR YK-N B7-0,-123.71875,-222.75,-459.53125,,
,,,MEL 22 SECTOR SU-N B7-2,-150.5625,-182.75,-450.5,,MEL 22 SECTOR SU-N B7-0,-154.3125,-173.4375,-460.5,,
,,,Merope,-78.59375,-149.625,-340.53125,,Pleiades Sector DL-Y d46,-80.25,-179.71875,-352.125,,
,,,Merope,-78.59375,-149.625,-340.53125,,Sterope II,-81.65625,-147.28125,-340.84375,,
,,,Morowari,-47.5625,-75,-173.1875,,HIP 16824,-49.21875,-89.375,-187.1875,,
,,,Pleiades Sector AR-L b8-2,-58.125,-99.75,-261.5,,Pleiades Sector PT-Q B5-1,-70.03125,-121.8125,-313.96875,,
,,,Pleiades Sector FR-V b2-0,-109.75,-145.15625,-369.125,,Pleiades Sector DL-Y d34,-116.59375,-142.75,-357.90625,,
,,,Pleiades Sector HR-W d1-30,-97.46875,-136.90625,-322.34375,,HIP 17125,-95.875,-128.75,-316.5625,,
,,,Pleiades Sector HR-W D1-36,-67.65625,-150.71875,-333.3125,,HR 1185,-64.65625,-148.9375,-330.40625,,
,,,Pleiades Sector HR-W d1-52,-91.40625,-149.625,-298.875,,Ross 374,-88.28125,-152.34375,-296.875,,
,,,Pleiades Sector HR-W D1-57,-86.40625,-125.15625,-301.84375,,HIP 17692,-74.125,-143.96875,-328.78125,,
,,,Pleiades Sector HR-W D1-57,-86.40625,-125.15625,-301.84375,,Pleiades Sector MN-T C3-9,-84.25,-125.375,-279.09375,,
,,,Pleiades sector hr-w d1-74,-87.40625,-150.90625,-344.96875,,Taygeta,-88.5,-159.6875,-366.28125,,
,,,PLEIADES SECTOR IH-V C2-7,-78.46875,-144.9375,-324.9375,,PLEIADES SECTOR IR-W D1-55,-63.59375,-147.40625,-319.09375,,
,,,Pleiades Sector IR-W d1-55,-63.59375,-147.40625,-319.09375,,Pleiades Sector IH-V c2-8,-75.84375,-144.875,-324.15625,,
,,,Pleiades Sector IR-W d1-56,-51.71875,-133.0625,-268.21875,,Pleiades Sector WU-O b6-0,-53.875,-128.15625,-297.71875,,
,,,Pleiades Sector IR-W d1-60,-41.96875,-172.15625,-275.90625,,Pleiades Sector ZP-O b6-0,-42.0625,-164.71875,-300.4375,,
,,,Pleiades Sector LS-T C3-7,-46.90625,-102.40625,-281.4375,,Hyades Sector AV-Y C5,-29.46875,-76.28125,-259.96875,,
,,,Pleiades Sector MC-V c2-3,12.59375,-147.625,-318.28125,,Col 285 Sector TM-U B3-2,-3.9375,-119.84375,-279.03125,,
,,,Pleiades Sector MN-S B4-1,-56.9375,-116.40625,-341.4375,,HIP 21246,-32.78125,-95.25,-349.40625,,
,,,Pleiades Sector MN-T c3-1,-69.75,-131.625,-290.4375,,Pleiades Sector QT-R C4-18,-81.46875,-118.125,-253.03125,,
,,,Pleiades Sector NN-T C3-15,-51.75,-112.40625,-304.90625,,Pleiades Sector WK-N B7-4,-49.8125,-103.71875,-283.21875,,
,,,Pleiades Sector PI-T C3-8,-61.65625,-154.40625,-278.90625,,Pleiades Sector ZK-O B6-2,-68.28125,-169.875,-285.65625,,
,,,Pleiades Sector PT-Q B5-1,-70.03125,-121.8125,-313.96875,,Pleiades Sector IH-V C2-9,-72.5625,-141.96875,-326.28125,,
,,,Pleiades Sector QT-R C4-9,-71.75,-116.78125,-259.4375,,Pleiades Sector NN-T C3-12,-63.75,-132.96875,-270.125,,
,,,Pleiades Sector RO-Q b5-1,-78.59375,-143.09375,-320.8125,,HIP 17692,-74.125,-143.96875,-328.78125,,
,,,Pleiades Sector RO-Q B5-1,-78.59375,-143.09375,-320.8125,,HIP 17692,-74.125,-143.96875,-328.78125,,
,,,Pleiades Sector RO-Q b5-2,-67.03125,-136.5625,-308.09375,,HIP 17704,-72.03125,-133.90625,-311.09375,,
,,,Pleiades Sector RT-Q b5-1,-44.40625,-121.40625,-323.15625,,Pleiades Sector JH-V c2-1,-50.0625,-126.71875,-326.9375,,
,,,Pleiades Sector SD-T B3-1,-93.75,-226.1875,-354.53125,,HIP 14909,-84.375,-259.28125,-358.65625,,
,,,Pleiades Sector SE-P B6-1,-63.90625,-103.1875,-296.78125,,Pleiades Sector SE-P B6-0,-64.71875,-103.96875,-299.28125,,
,,,Pleiades Sector VU-O b6-1,-73.6875,-138.1875,-299.5,,Merope,-78.59375,-149.625,-340.53125,,
,,,Pleiades Sector ZE-Z b0,-84.75,-164.4375,-421.875,,Pleiades Sector GW-W c1-7,-78.25,-149.90625,-376.96875,,
,,,Pleione,-77,-146.78125,-344.125,,Atlas,-76.71875,-147.34375,-344.4375,,
,,,Pleione,-77,-146.78125,-344.125,,Merope,-78.59375,-149.625,-340.53125,,
,,,Pleione,-77,-146.78125,-344.125,,PLEIADES SECTOR IH-V C2-5,-78.71875,-138.03125,-321.78125,,
,,,Struve's Lost Sector JC-V c2-5,-90.8125,-207.40625,-464.65625,,Hind Sector MN-T c3-2,-61.96875,-196.40625,-478.3125,,
,,,SVARADARECO,-58.375,-62.34375,-151.96875,,HIP 14805,-66.28125,-70.28125,-150.03125,,
,,,SYNUEFAI ZI-A B34-3,-195.75,-63.8125,-328.09375,,SYNUEFAI YI-A B34-4,-217.84375,-53.625,-329.125,,
,,,Synuefe BG-V B35-0,119.875,-222.28125,-300.84375,,Synuefe AQ-X C17-7,96.46875,-195.21875,-276,,
,,,Synuefe RT-Z C16-13,56.9375,-142.03125,-339.9375,,Synuefe PJ-X B34-0,47.25,-174.53125,-319.40625,,
,,,SYNUEFE ZM-Q D6-42,51.78125,-44.0625,-430.625,,SYNUEFE LA-P A60-0,10.03125,-36.59375,-419.71875,,
,,,TAURUS DARK REGION FW-W C1-8,-109.40625,-130.09375,-453.3125,,TAURUS DARK REGION FW-W C1-9,-111.65625,-133.96875,-460.84375,,
,,,TAURUS DARK REGION HR-W C1-10,-115.15625,-181.75,-438.71875,,MEL 22 SECTOR KC-V D2-19,-117.3125,-212.375,-414.90625,,
,,,TAURUS DARK REGION HR-W C1-8,-122.28125,-177.15625,-435.25,,TAURUS DARK REGION TY-S B3-1,-88.59375,-194.6875,-458.84375,,
,,,TAURUS DARK REGION QD-T B3-1,-119.71875,-174.5,-456.53125,,TAURUS DARK REGION QD-T B3-2,-122.84375,-173.75,-462,,
,,,Tocopa,-30.21875,-85.15625,-103.84375,,Arietis Sector MH-V B2-4,-32.40625,-96.6875,-148.6875,,
,,,Wolf 1268,-48.40625,-65.0625,-167.25,,Arietis Sector ZJ-A C8,-51.09375,-70.5625,-192.96875,,